simulator,task,trial,clearance_mm,offx_mm,offy_mm,success,tip_z,xy_err_mm,insert_time_s,peak_force_n,sim_time,wall_time,rtf,mean_cpu,mean_ram_mb
mujoco,peg_in_hole,1,3.0,0.46,-1.37,1,0.4,1.5,2.269999999999431,0.0,9.0,0.117,77.19,94.3,221.2
mujoco,peg_in_hole,2,3.0,-1.13,-0.73,0,0.4387,1.22,,165.3,9.0,0.117,77.08,94.2,222.5
mujoco,peg_in_hole,3,3.0,0.22,0.09,1,0.4,0.69,2.269999999999431,0.0,9.0,0.115,78.32,95.7,223.1
mujoco,peg_in_hole,4,3.0,1.22,-1.27,1,0.4,1.36,2.269999999999431,0.0,9.0,0.116,77.95,103.9,223.1
mujoco,peg_in_hole,5,3.0,0.73,0.76,1,0.4,0.73,2.269999999999431,0.0,9.0,0.114,79.03,105.3,223.1
mujoco,peg_in_hole,6,3.0,-0.34,0.29,1,0.4,1.26,2.2739999999994325,35.7,9.0,0.116,77.68,94.9,223.1
mujoco,peg_in_hole,7,3.0,-0.41,0.28,0,0.4386,1.78,,164.7,9.0,0.123,73.21,97.6,223.1
mujoco,peg_in_hole,8,3.0,0.86,1.0,1,0.4,0.95,2.269999999999431,0.0,9.0,0.114,78.7,104.9,223.1
mujoco,peg_in_hole,9,3.0,1.33,-0.58,1,0.4,0.76,2.269999999999431,0.0,9.0,0.114,78.84,105.1,223.1
mujoco,peg_in_hole,10,3.0,0.35,0.22,1,0.4,0.59,2.269999999999431,0.0,9.0,0.114,79.14,105.5,223.1
mujoco,peg_in_hole,11,3.0,-1.47,0.66,0,0.4387,1.06,,165.5,9.0,0.117,77.06,102.7,223.1
mujoco,peg_in_hole,12,3.0,-0.83,0.06,0,0.4387,1.35,,165.0,9.0,0.116,77.55,103.4,223.1
mujoco,peg_in_hole,13,3.0,1.0,1.11,1,0.4,1.06,2.269999999999431,0.0,9.0,0.114,78.65,104.8,223.1
mujoco,peg_in_hole,14,3.0,0.68,-1.45,1,0.4,1.52,2.269999999999431,0.0,9.0,0.118,76.51,93.5,223.1
mujoco,peg_in_hole,15,3.0,0.55,-0.1,1,0.4,0.39,2.269999999999431,0.0,9.0,0.118,76.24,101.6,223.1
mujoco,peg_in_hole,16,3.0,-0.57,1.14,0,0.4386,2.01,,164.9,9.0,0.119,75.39,100.5,223.1
mujoco,peg_in_hole,17,3.0,0.26,0.98,1,0.4,1.13,2.269999999999431,0.0,9.0,0.118,75.99,101.3,223.1
mujoco,peg_in_hole,18,3.0,-0.53,-1.42,0,0.4386,2.09,,164.8,9.0,0.12,74.92,99.8,223.1
mujoco,peg_in_hole,19,3.0,-0.38,0.82,1,0.4,1.48,2.2739999999994325,38.5,9.0,0.119,75.67,100.8,223.1
mujoco,peg_in_hole,20,3.0,0.33,0.74,1,0.4,0.9,2.269999999999431,0.0,9.0,0.116,77.62,103.5,223.1
gazebo,peg_in_hole,1,3.0,0.46,-1.37,1,0.4,0.78,2.200000000000003,,9.1,9.11,1.0,117.8,685.0
gazebo,peg_in_hole,2,3.0,-1.13,-0.73,0,0.4385,1.03,,,9.0,9.01,1.0,118.1,689.7
gazebo,peg_in_hole,3,3.0,0.22,0.09,1,0.4,0.82,2.299999999999983,,9.0,9.016,1.0,116.6,689.8
gazebo,peg_in_hole,4,3.0,1.22,-1.27,1,0.4,1.3,2.1999999999999886,,9.0,9.015,1.0,116.8,689.8
gazebo,peg_in_hole,5,3.0,0.73,0.76,1,0.4,1.63,2.299999999999983,,9.0,9.006,1.0,175.7,696.6
gazebo,peg_in_hole,6,3.0,-0.34,0.29,1,0.4,1.07,2.1999999999999886,,9.0,9.007,1.0,173.5,696.6
gazebo,peg_in_hole,7,3.0,-0.41,0.28,1,0.4,1.09,2.299999999999983,,9.0,9.008,1.0,163.7,696.6
gazebo,peg_in_hole,8,3.0,0.86,1.0,1,0.4,1.91,2.3000000000000114,,9.0,9.002,1.0,166.4,696.7
gazebo,peg_in_hole,9,3.0,1.33,-0.58,1,0.4,1.3,2.3000000000000114,,9.0,9.008,1.0,168.7,696.7
gazebo,peg_in_hole,10,3.0,0.35,0.22,1,0.4,0.99,2.3000000000000114,,9.0,9.014,1.0,169.2,696.7
gazebo,peg_in_hole,11,3.0,-1.47,0.66,0,0.4387,1.49,,,9.0,9.007,1.0,172.4,696.8
gazebo,peg_in_hole,12,3.0,-0.83,0.06,1,0.4,1.16,2.3000000000000114,,9.0,9.011,1.0,171.1,696.8
gazebo,peg_in_hole,13,3.0,1.0,1.11,1,0.4,2.07,2.3000000000000114,,9.0,8.997,1.0,171.4,696.8
gazebo,peg_in_hole,14,3.0,0.68,-1.45,1,0.4,0.96,2.3000000000000114,,9.0,9.014,1.0,170.9,696.8
gazebo,peg_in_hole,15,3.0,0.55,-0.1,1,0.4,0.81,2.3000000000000114,,9.0,9.008,1.0,172.3,696.8
gazebo,peg_in_hole,16,3.0,-0.57,1.14,1,0.4,1.95,2.3000000000000114,,9.0,9.005,1.0,167.8,696.8
gazebo,peg_in_hole,17,3.0,0.26,0.98,1,0.4,1.71,2.1999999999999886,,9.0,8.994,1.0,171.3,696.8
gazebo,peg_in_hole,18,3.0,-0.53,-1.42,1,0.4,0.9,2.3000000000000114,,9.0,9.006,1.0,168.9,696.8
gazebo,peg_in_hole,19,3.0,-0.38,0.82,1,0.4,1.58,2.3000000000000114,,9.0,9.013,1.0,170.0,696.8
gazebo,peg_in_hole,20,3.0,0.33,0.74,1,0.4,1.49,2.3000000000000114,,9.0,9.011,1.0,169.9,696.8
