simulator,task,trial,offx_mm,offy_mm,success,place_err_mm,lift_z,sim_time,wall_time,rtf,mean_cpu,max_cpu,mean_ram_mb,max_ram_mb,path_len_m,rms_acc,track_rms_rad,time_offset_s
mujoco,pick_place,1,1.52,-4.56,1,5.72,0.5147,17.51,0.643,27.25,79.5,99.5,224.3,227.0,1.3378193412743213,0.2249574127246413,0.03848439240938111,8.326672684688674e-17
mujoco,pick_place,2,-3.77,-2.42,1,5.85,0.5149,17.51,0.645,27.16,82.0,104.5,228.5,229.8,1.3378146267927224,0.22496304850920845,0.03848508759030685,8.326672684688674e-17
mujoco,pick_place,3,0.73,0.28,1,5.8,0.515,17.51,0.628,27.87,78.4,99.6,230.7,231.5,1.337811179314755,0.22496463809765113,0.038485064612833485,8.326672684688674e-17
mujoco,pick_place,4,4.06,-4.23,1,5.77,0.5148,17.51,0.643,27.23,79.3,99.6,231.3,231.5,1.337820494198286,0.2249520756276797,0.03848463212083244,8.326672684688674e-17
mujoco,pick_place,5,2.42,2.54,1,5.83,0.5148,17.51,0.629,27.85,78.3,99.5,232.2,232.2,1.3378158920326424,0.2249587727267954,0.0384850481905842,8.326672684688674e-17
mujoco,pick_place,6,-1.12,0.96,1,5.78,0.5149,17.51,0.629,27.85,78.1,104.6,232.2,232.2,1.33782399989233,0.22496089971250027,0.038484862571139956,8.326672684688674e-17
mujoco,pick_place,7,-1.37,0.93,1,5.81,0.5149,17.51,0.627,27.95,78.4,104.5,232.2,232.2,1.3378159850511597,0.22495816717827402,0.03848512149897318,8.326672684688674e-17
mujoco,pick_place,8,2.87,3.34,1,5.83,0.5147,17.51,0.644,27.19,80.8,104.6,232.2,232.2,1.3378126769652217,0.22496478209631476,0.03848480541815063,8.326672684688674e-17
mujoco,pick_place,9,4.42,-1.93,1,5.84,0.5149,17.51,0.627,27.94,78.1,99.5,232.2,232.2,1.3378261502243303,0.22496047346313777,0.03848504265834066,8.326672684688674e-17
mujoco,pick_place,10,1.16,0.74,1,5.79,0.5149,17.51,0.641,27.3,80.8,104.5,232.2,232.2,1.337820976886995,0.22495928497971,0.03848483654563932,8.326672684688674e-17
mujoco,pick_place,11,-4.89,2.19,1,5.78,0.5148,17.51,0.626,27.97,78.2,104.5,232.2,232.2,1.3378260443560626,0.2249602263208747,0.03848485383591653,8.326672684688674e-17
mujoco,pick_place,12,-2.78,0.19,1,5.79,0.515,17.51,0.636,27.53,79.5,103.8,232.2,232.2,1.3378119525617669,0.22497004194858286,0.03848515102325916,8.326672684688674e-17
mujoco,pick_place,13,3.32,3.71,1,5.75,0.5147,17.51,0.627,27.91,77.1,99.5,232.2,232.2,1.3378201515810595,0.22496689086704852,0.03848495655658412,8.326672684688674e-17
mujoco,pick_place,14,2.26,-4.83,1,5.78,0.5147,17.51,0.649,26.98,80.8,99.5,232.2,232.2,1.33781672196785,0.22495993294929215,0.0384844405457051,8.326672684688674e-17
mujoco,pick_place,15,1.84,-0.32,1,5.79,0.515,17.51,0.638,27.45,79.5,104.0,232.2,232.2,1.3378169247990233,0.22497092641143662,0.038485117116141776,8.326672684688674e-17
mujoco,pick_place,16,-1.91,3.8,1,5.72,0.5146,17.51,0.639,27.41,80.8,104.5,232.2,232.2,1.3378213603755187,0.2249687377159261,0.038484950689264164,8.326672684688674e-17
mujoco,pick_place,17,0.88,3.26,1,5.79,0.5147,17.51,0.634,27.61,78.3,99.5,232.2,232.2,1.3378198272782909,0.2249523079975294,0.03848466307215765,8.326672684688674e-17
mujoco,pick_place,18,-1.76,-4.73,1,5.75,0.5147,17.51,0.647,27.07,79.6,99.6,232.2,232.2,1.3378187989130979,0.2249648695219787,0.03848445870975788,8.326672684688674e-17
mujoco,pick_place,19,-1.26,2.72,1,5.78,0.5148,17.51,0.664,26.37,82.0,99.6,232.2,232.2,1.3378179944868904,0.22495157313029657,0.03848491692604833,8.326672684688674e-17
mujoco,pick_place,20,1.09,2.48,1,5.76,0.5148,17.51,0.653,26.8,80.8,99.5,232.2,232.2,1.3378235316031097,0.2249483438933678,0.03848468397164615,8.326672684688674e-17
gazebo,pick_place,1,1.52,-4.56,1,4.85,0.5248,17.5,17.519,1.0,121.7,147.7,694.2,694.8,1.345969258661567,0.6928184073146038,0.004337628423400023,8.326672684688674e-17
gazebo,pick_place,2,-3.77,-2.42,1,2.4,0.5042,17.5,17.526,1.0,128.2,151.7,695.3,695.3,1.3452558382935762,0.34943783500765735,0.0031093204019593847,8.326672684688674e-17
gazebo,pick_place,3,0.73,0.28,1,0.83,0.5246,17.5,17.522,1.0,124.1,149.4,695.5,695.5,1.3470482949729425,0.540080098863596,0.003552697436261345,8.326672684688674e-17
gazebo,pick_place,4,4.06,-4.23,1,6.22,0.5083,17.5,17.522,1.0,126.1,154.3,695.7,695.7,1.3443880662029497,0.5465534632321624,0.0036571464057412162,8.326672684688674e-17
gazebo,pick_place,5,2.42,2.54,1,3.53,0.5247,17.5,17.523,1.0,127.0,149.4,695.7,695.7,1.34529323342448,0.41816993937005664,0.003429893823601575,8.326672684688674e-17
gazebo,pick_place,6,-1.12,0.96,1,0.34,0.5245,17.5,17.522,1.0,128.3,149.5,695.7,695.7,1.3452048028943484,0.7454609311945706,0.00463849771774453,8.326672684688674e-17
gazebo,pick_place,7,-1.37,0.93,1,1.71,0.5068,17.5,17.525,1.0,121.9,144.4,695.9,695.9,1.346090700962669,0.6915319934066982,0.0042649593944363035,8.326672684688674e-17
gazebo,pick_place,8,2.87,3.34,1,2.8,0.525,17.5,17.522,1.0,123.5,144.2,695.9,695.9,1.3447050079531802,0.46685151231352773,0.0032367838962553165,8.326672684688674e-17
gazebo,pick_place,9,4.42,-1.93,1,2.02,0.5043,17.5,17.518,1.0,123.4,148.0,695.9,695.9,1.3438223866922578,0.43959979878272837,0.003266758669150939,8.326672684688674e-17
gazebo,pick_place,10,1.16,0.74,1,1.74,0.5067,17.5,17.515,1.0,122.7,144.4,695.9,695.9,1.346723263339061,1.4304755457217313,0.006951970383904913,8.326672684688674e-17
gazebo,pick_place,11,-4.89,2.19,1,2.2,0.5248,17.5,17.518,1.0,126.0,149.3,695.9,695.9,1.3459178670858103,0.5301081528781169,0.00377673834952364,8.326672684688674e-17
gazebo,pick_place,12,-2.78,0.19,1,1.05,0.5243,17.5,17.524,1.0,123.5,152.0,695.9,695.9,1.3451996036979326,0.4525396608015821,0.0035698224932745803,8.326672684688674e-17
gazebo,pick_place,13,3.32,3.71,1,4.1,0.5095,17.5,17.521,1.0,124.1,164.0,695.9,695.9,1.3448054029155547,0.46681847207213994,0.0035791071823379843,8.326672684688674e-17
gazebo,pick_place,14,2.26,-4.83,1,4.91,0.5094,17.5,17.5,1.0,97.9,157.3,695.9,695.9,1.3493276241900305,1.0139296416331325,0.005125578244262635,8.326672684688674e-17
gazebo,pick_place,15,1.84,-0.32,1,2.36,0.5047,17.5,17.519,1.0,126.0,145.6,696.3,696.3,1.3440744156827216,0.2691834242528083,0.0030086526936741785,8.326672684688674e-17
gazebo,pick_place,16,-1.91,3.8,1,3.42,0.509,17.5,17.526,1.0,125.8,144.3,696.3,696.3,1.344305237858441,0.644036961781849,0.003787917574092273,8.326672684688674e-17
gazebo,pick_place,17,0.88,3.26,1,2.26,0.5248,17.5,17.525,1.0,124.9,149.1,696.3,696.3,1.3514203430167209,0.6951813853748245,0.004062820806109011,8.326672684688674e-17
gazebo,pick_place,18,-1.76,-4.73,1,4.63,0.5089,17.5,17.521,1.0,123.1,149.3,696.3,696.3,1.3445690982534197,0.288219322918301,0.003179998352163533,8.326672684688674e-17
gazebo,pick_place,19,-1.26,2.72,1,2.49,0.5244,17.5,17.525,1.0,124.7,148.6,696.3,696.3,1.3461210567476454,0.548845728855482,0.0037680333011117046,8.326672684688674e-17
gazebo,pick_place,20,1.09,2.48,1,3.02,0.508,17.5,17.52,1.0,123.3,139.4,696.3,696.3,1.3448267139740318,0.7769869042153476,0.005275197843602507,8.326672684688674e-17
