simulator,trial,jitter_mm,peak_median_n,peak_mean_n,peak_max_n,spikes_over_70n,rtf,mean_cpu,mean_ram_mb
mujoco,1,0.3,59.172085366396594,59.24502193095981,60.092657820447535,0,90.01,103.3,220.7
mujoco,2,-0.75,55.48817764145879,55.54636278707293,56.14887901691711,0,92.2,101.2,220.9
mujoco,3,0.15,59.09389022305807,59.167352382849174,60.001461115414926,0,90.65,99.5,222.0
mujoco,4,0.81,60.68440124588035,60.7646054634798,61.7348936032996,0,86.89,104.0,222.0
mujoco,5,0.48,60.52838293774286,60.08783344613065,60.52982542401567,0,90.67,99.5,222.0
mujoco,6,-0.22,57.43295861990356,57.49896547983909,58.2295397222955,0,91.04,99.9,222.0
mujoco,7,-0.27,57.06501274290018,57.129731250704914,57.83476952763997,0,92.03,101.0,222.0
mujoco,8,0.57,60.0698700450453,60.146664197350695,61.060123350715536,0,90.12,98.9,222.0
mujoco,9,0.88,61.23466556003105,61.31416357030385,62.31312523398517,0,90.28,99.1,222.0
mujoco,10,0.23,58.58704627900998,58.65853964523292,59.47723884241364,0,90.49,99.3,222.0
mujoco,11,-0.98,54.83190661058396,54.8891909304741,55.44329558060471,0,93.14,97.6,222.0
mujoco,12,-0.56,55.97069123887677,56.031605344869845,56.670857542340755,0,91.95,96.3,222.0
mujoco,13,0.66,60.772082401215705,60.851274944529415,61.81230028741261,0,90.42,99.2,222.0
mujoco,14,0.45,60.29047596522574,60.308770288678524,60.36188747719246,0,90.18,103.5,222.0
mujoco,15,0.37,59.624944447238725,59.69943622078479,60.57781702352282,0,91.09,100.0,222.0
mujoco,16,-0.38,57.35858188448353,57.36773595982369,57.42725428730449,0,91.01,99.9,222.0
mujoco,17,0.18,59.303910738975276,59.3190031830916,59.374396056155106,0,90.98,99.8,222.0
mujoco,18,-0.35,57.562068582789976,57.57151220380808,57.63069485196148,0,91.09,100.0,222.0
mujoco,19,-0.25,57.20244637766811,57.26755739422471,57.98041671069333,0,91.7,100.6,222.0
mujoco,20,0.22,59.63454753460336,59.196849369795515,59.635960164892325,0,90.51,99.3,222.0
gazebo,1,0.305,55.55425220164433,55.517111734216485,55.69739844329537,0,1.0,164.3,702.1
gazebo,2,-0.755,53.551194064814254,53.86509349316269,59.4554290349147,0,1.0,170.5,702.7
gazebo,3,0.146,55.32351919245947,55.35232211840213,55.83557371671866,0,1.0,171.1,702.9
gazebo,4,0.811,56.64298371548274,59.62044676992091,97.63686577330688,2,1.0,170.7,703.0
gazebo,5,0.484,55.33245077750837,55.71790044939797,60.23487951412656,0,1.0,170.6,703.0
gazebo,6,-0.225,54.317058597263056,54.704330911891475,59.92319657122922,0,1.0,170.6,703.0
gazebo,7,-0.274,58.09583897226052,57.97579154789239,58.41488155693139,0,1.0,170.4,703.0
gazebo,8,0.575,55.670532171141716,55.95512121994334,61.02411711832014,0,1.0,171.6,703.0
gazebo,9,0.885,55.91334988060892,56.01908210464252,56.53617323170037,0,1.0,170.1,703.2
gazebo,10,0.232,54.96187488453859,54.83707832345332,55.58579755090605,0,1.0,171.8,703.2
gazebo,11,-0.978,53.85496000771319,56.810477919510205,92.39515444434394,2,1.0,163.2,703.8
gazebo,12,-0.555,53.83464472398745,53.89570975381274,54.46613713604493,0,1.0,163.5,703.8
gazebo,13,0.665,56.23194219441294,56.894798632066546,73.96382744796315,1,1.0,163.4,703.8
gazebo,14,0.452,56.17575717802155,60.581182775148136,96.48755217251257,3,1.0,163.5,703.8
gazebo,15,0.368,55.64347873052549,58.67548099155746,95.60214485522631,2,1.0,164.1,703.8
gazebo,16,-0.382,54.57936408736132,54.57250067625472,54.97974586004282,0,1.0,163.0,703.8
gazebo,17,0.175,55.36272354937593,55.71305245803627,61.48336627611131,0,1.0,162.9,703.8
gazebo,18,-0.351,54.7612165185983,55.00628514446481,66.45701605673148,0,1.0,164.2,703.8
gazebo,19,-0.251,54.73613048514322,56.74810021256807,95.7105665342032,1,1.0,163.6,703.8
gazebo,20,0.219,55.42506723881837,55.481735964495876,55.97533452925752,0,1.0,162.0,703.8
